[
  {"title":"García și García", "starring":"Eva Ugarte, Pepe Viyuela, José Mota", "rate":"12", "poster":"posters/01.jpg", "date":"Vineri 7 iunie 2024","time":"07:45"},
  {"title":"Viespea verde", "starring":"Jay Chou, Cameron Diaz, Seth Rogen", "rate":"AP", "poster":"posters/02.jpg", "date":"Vineri 7 iunie 2024","time":"09:20"},
  {"title":"Floare de măr", "starring":"András Sütö, Nari Nguyen, Nelli Szücs", "rate":"15", "poster":"posters/03.jpg", "date":"Vineri 7 iunie 2024","time":"11:15"},
  {"title":"Confort nordic", "starring":"Nick Blakeley, Ella Rumpf, Timothy Spall", "rate":"AP", "poster":"posters/04.jpg", "date":"Vineri 7 iunie 2024","time":"13:10"},
  {"title":"Tânărul Sheldon", "starring":"Montana Jordan, Raegan Revord, Zoe Perry", "rate":"12", "poster":"posters/05.jpg", "date":"Vineri 7 iunie 2024","time":"14:45"},
  {"title":"Tânărul Sheldon", "starring":"Montana Jordan, Raegan Revord, Zoe Perry", "rate":"12", "poster":"posters/05.jpg", "date":"Vineri 7 iunie 2024","time":"15:05"},
  {"title":"Jerry Maguire", "starring":"Kelly Preston, Renée Zellweger, Cuba Gooding Jr.", "rate":"12", "poster":"posters/06.jpg", "date":"Vineri 7 iunie 2024","time":"15:25"},
  {"title":"Norocul prostului", "starring":"Myha'la Herrold, Anthony Ramos, Pete Davidson", "rate":"AP", "poster":"posters/07.jpg", "date":"Vineri 7 iunie 2024","time":"18:15"},
  {"title":"Creed", "starring":"Sylvester Stallone, Tessa Thompson, Michael B. Jordan", "rate":"AP", "poster":"posters/08.jpg", "date":"Vineri 7 iunie 2024","time":"20:00"},
  {"title":"Barry Seal: Trafic în stil American", "starring":"Caleb Landry Jones, Domhnall Gleeson, Tom Cruise", "rate":"AP", "poster":"posters/09.jpg", "date":"Vineri 17 iunie 2024","time":"22:10"},
  {"title":"Cum să-ți ucizi soțul", "starring":"Sandy Minh Abley, Steve Guttenberg, Cybill Shepherd", "rate":"15", "poster":"posters/10.jpg", "date":"Sâmbătă 8 iunie 2024","time":"00:00"},
  {"title":"Transport blindat", "starring":"Columbus Short, Matt Dillon, Amaury Nolasco", "rate":"15", "poster":"posters/11.jpg", "date":"Sâmbătă 8 iunie 2024","time":"01:30"},
  {"title":"Familia Hollar", "starring":"Sharlto Copley, Josh Groban, John Krasinski", "rate":"12", "poster":"posters/12.jpg", "date":"Sâmbătă 8 iunie 2024","time":"03:00"},
  {"title":"Róise și Frank", "starring":"Cillian O'Gairbhi, Bríd Ní Neachtain, Seán T. Ó Meallaigh", "rate":"12", "poster":"posters/13.jpg", "date":"Sâmbătă 8 iunie 2024","time":"04:30"},
  {"title":"Stăpânul inelelor: Frăția inelului", "starring":"Ian McKellen, Elijah Wood, Liv Tyler", "rate":"AP", "poster":"posters/14.jpg", "date":"Sâmbătă 8 iunie 2024","time":"06:00"}
  ]
